{"cameraMode":{"drawMode":0,"name":"Shaded","section":"Shading Mode"},"sceneLighting":false,"audioPlay":false,"sceneViewState":{"m_AlwaysRefresh":false,"showFog":true,"showSkybox":false,"showFlares":true,"showImageEffects":true,"showParticleSystems":true,"showVisualEffectGraphs":true,"m_FxEnabled":false},"in2DMode":false,"pivot":{"x":-0.2657131850719452,"y":-0.06624464690685272,"z":-0.10343684256076813},"rotation":{"x":0.11964619159698487,"y":-0.8402063846588135,"z":0.2064073085784912,"w":0.4869956374168396},"size":0.23746758699417115,"orthographic":false}