{"cameraMode":{"drawMode":0,"name":"Shaded","section":"Shading Mode"},"sceneLighting":false,"audioPlay":false,"sceneViewState":{"m_AlwaysRefresh":false,"showFog":true,"showSkybox":false,"showFlares":true,"showImageEffects":true,"showParticleSystems":true,"showVisualEffectGraphs":true,"m_FxEnabled":false},"in2DMode":false,"pivot":{"x":-0.13531094789505006,"y":0.01109807938337326,"z":0.014044113457202912},"rotation":{"x":0.3091511130332947,"y":-0.0939473882317543,"z":0.030707070603966714,"w":0.9458706974983215},"size":0.23746755719184876,"orthographic":false}