{"cameraMode":{"drawMode":0,"name":"Shaded","section":"Shading Mode"},"sceneLighting":true,"audioPlay":false,"sceneViewState":{"m_AlwaysRefresh":false,"showFog":true,"showSkybox":true,"showFlares":true,"showImageEffects":true,"showParticleSystems":true,"showVisualEffectGraphs":true,"m_FxEnabled":false},"in2DMode":false,"pivot":{"x":-6.070000171661377,"y":0.9802168607711792,"z":-0.03147614747285843},"rotation":{"x":-0.11481566727161408,"y":-0.8711639046669006,"z":0.4105514585971832,"w":-0.24363917112350465},"size":0.09549830853939057,"orthographic":false}