{"cameraMode":{"drawMode":0,"name":"Shaded","section":"Shading Mode"},"sceneLighting":true,"audioPlay":false,"sceneViewState":{"m_AlwaysRefresh":false,"showFog":true,"showSkybox":true,"showFlares":true,"showImageEffects":true,"showParticleSystems":true,"showVisualEffectGraphs":true,"m_FxEnabled":false},"in2DMode":false,"pivot":{"x":-5.994475364685059,"y":0.9944249987602234,"z":0.6568343639373779},"rotation":{"x":-0.03427579998970032,"y":-0.9623504877090454,"z":0.22725582122802735,"w":-0.14515332877635957},"size":0.1851843297481537,"orthographic":false}