{"cameraMode":{"drawMode":0,"name":"Shaded","section":"Shading Mode"},"sceneLighting":true,"audioPlay":false,"sceneViewState":{"m_AlwaysRefresh":false,"showFog":true,"showSkybox":true,"showFlares":true,"showImageEffects":true,"showParticleSystems":true,"showVisualEffectGraphs":true,"m_FxEnabled":false},"in2DMode":false,"pivot":{"x":7.003545761108398e-7,"y":1.100000023841858,"z":0.34800052642822268},"rotation":{"x":0.5341659784317017,"y":-0.035552799701690677,"z":0.022373974323272706,"w":0.8444784283638},"size":0.5420547127723694,"orthographic":true}