{"cameraMode":{"drawMode":0,"name":"Shaded","section":"Shading Mode"},"sceneLighting":true,"audioPlay":false,"sceneViewState":{"m_AlwaysRefresh":false,"showFog":true,"showSkybox":true,"showFlares":true,"showImageEffects":true,"showParticleSystems":true,"showVisualEffectGraphs":true,"m_FxEnabled":false},"in2DMode":false,"pivot":{"x":0.07367369532585144,"y":1.0045461654663087,"z":0.0076507627964019779},"rotation":{"x":0.3419736921787262,"y":0.08161064237356186,"z":-0.0298269372433424,"w":0.9356845617294312},"size":0.36029839515686037,"orthographic":false}