{"cameraMode":{"drawMode":0,"name":"Shaded","section":"Shading Mode"},"sceneLighting":true,"audioPlay":false,"sceneViewState":{"m_AlwaysRefresh":false,"showFog":true,"showSkybox":true,"showFlares":true,"showImageEffects":true,"showParticleSystems":true,"showVisualEffectGraphs":true,"m_FxEnabled":false},"in2DMode":false,"pivot":{"x":0.020000003278255464,"y":1.1299999952316285,"z":-0.1070086881518364},"rotation":{"x":0.30353134870529177,"y":-0.0028584643732756378,"z":0.0009105942444875836,"w":0.9528170824050903},"size":0.8660253882408142,"orthographic":false}