{"cameraMode":{"drawMode":0,"name":"Shaded","section":"Shading Mode"},"sceneLighting":true,"audioPlay":false,"sceneViewState":{"m_AlwaysRefresh":false,"showFog":true,"showSkybox":true,"showFlares":true,"showImageEffects":true,"showParticleSystems":true,"showVisualEffectGraphs":true,"m_FxEnabled":false},"in2DMode":false,"pivot":{"x":-0.014999307692050934,"y":1.1668157577514649,"z":0.34051334857940676},"rotation":{"x":0.18144071102142335,"y":-0.22644148766994477,"z":0.04282236844301224,"w":0.9561500549316406},"size":0.13139620423316956,"orthographic":true}