{"cameraMode":{"drawMode":0,"name":"Shaded","section":"Shading Mode"},"sceneLighting":true,"audioPlay":false,"sceneViewState":{"m_AlwaysRefresh":false,"showFog":true,"showSkybox":true,"showFlares":true,"showImageEffects":true,"showParticleSystems":true,"showVisualEffectGraphs":true,"m_FxEnabled":false},"in2DMode":false,"pivot":{"x":-5.9669084548950199,"y":0.5550329685211182,"z":1.2972790002822877},"rotation":{"x":0.22016936540603639,"y":-0.7206050157546997,"z":0.26336535811424258,"w":0.6024081707000732},"size":1.4401689767837525,"orthographic":false}